Date,Open,High,Low,Close,Change(Pips),Change(%),
07/07/2023 00:00,183.437,183.543,183.14,183.419,-1.8,-0.01,
07/06/2023 23:00,183.524,183.6,183.32,183.441,-8.3,-0.05,
07/06/2023 22:00,183.486,183.559,183.447,183.552,6.6,0.04,
07/06/2023 21:00,183.515,183.6061,183.329,183.48,-3.5,-0.02,
07/06/2023 20:00,183.61,183.62,183.46565,183.5,-11,-0.06,
07/06/2023 19:00,183.658,183.694,183.52817,183.612,-4.6,-0.03,
07/06/2023 18:00,183.58,183.714,183.53,183.653,7.3,0.04,
07/06/2023 17:00,183.393,183.608,183.34,183.595,20.2,0.11,
07/06/2023 16:00,183.268,183.488,183.16,183.405,13.7,0.07,
07/06/2023 15:00,183.173,183.312,182.8,183.248,7.5,0.04,
07/06/2023 14:00,183.642,183.82,183.01,183.17,-47.2,-0.26,
07/06/2023 13:00,183.779,184.004,183.55,183.666,-11.3,-0.06,
07/06/2023 12:00,183.537,183.913,183.44,183.797,26.0,0.14,
07/06/2023 11:00,183.69,183.773,183.48,183.535,-15.5,-0.08,
07/06/2023 10:00,183.747,183.807,183.58,183.689,-5.8,-0.03,
07/06/2023 07:00,182.897,182.916,182.48,182.751,-14.6,-0.08,
07/06/2023 06:00,182.616,182.97,182.606,182.904,28.8,0.16,
07/06/2023 05:00,182.88,182.893,182.53,182.642,-23.8,-0.13,
07/06/2023 04:00,183.087,183.103,182.72,182.886,-20.1,-0.11,
07/06/2023 03:00,183.254,183.27,183.06,183.088,-16.6,-0.09,
07/06/2023 02:00,183.454,183.498,183.2,183.247,-20.7,-0.11,
07/06/2023 01:00,183.124,183.464,183.07,183.452,32.8,0.18,
07/06/2023 00:00,183.56,183.587,183.03,183.125,-43.5,-0.24,
07/05/2023 23:00,183.609,183.63,183.408,183.561,-4.8,-0.03,
07/05/2023 22:00,183.626,183.718,183.52542,183.608,-1.8,-0.01,
07/05/2023 21:00,183.643,183.82667,183.382,183.586,-5.7,-0.03,
07/05/2023 20:00,183.722,183.803,183.68,183.758,3.6,0.02,
07/05/2023 19:00,183.636,183.766,183.6,183.724,8.8,0.05,
07/05/2023 18:00,183.693,183.773,183.57,183.642,-5.1,-0.03,
07/05/2023 17:00,183.795,183.817,183.64,183.668,-12.7,-0.07,
07/05/2023 16:00,183.698,183.882,183.63,183.775,7.7,0.04,
07/05/2023 15:00,183.697,183.847,183.59,183.709,1.2,0.01,
07/05/2023 14:00,183.487,183.761,183.31,183.693,20.6,0.11,
07/05/2023 13:00,183.605,183.724,183.29,183.5,-10.5,-0.06,
07/05/2023 12:00,183.493,183.82,183.42,183.572,7.9,0.04,
07/05/2023 11:00,183.332,183.494,183.28,183.482,15.0,0.08,
07/05/2023 07:00,183.765,184.014,183.69,183.748,-1.7,-0.01,
07/05/2023 06:00,183.773,183.846,183.65,183.788,1.5,0.01,
07/05/2023 05:00,183.622,183.844,183.54,183.792,17.0,0.09,
07/05/2023 04:00,183.628,183.65061,183.53,183.614,-1.4,-0.01,
07/05/2023 03:00,183.63,183.686,183.55,183.612,-1.8,-0.01,
07/05/2023 02:00,183.723,183.76295,183.56,183.638,-8.5,-0.05,
07/05/2023 01:00,183.649,183.899,183.61,183.718,6.9,0.04,
07/05/2023 00:00,183.638,183.87133,183.61,183.65,1.2,0.01,
07/04/2023 23:00,183.652,183.7107,183.6,183.611,-4.1,-0.02,
07/04/2023 22:00,183.621,183.67798,183.5356,183.67717,5.617,0.03,
07/04/2023 21:00,183.67,183.74356,183.28,183.62,-5,-0.03,
07/04/2023 20:00,183.7,183.707,183.58,183.67,-3,-0.02,
07/04/2023 19:00,183.752,183.789,183.601,183.706,-4.6,-0.03,
07/04/2023 18:00,183.861,183.892,183.7,183.751,-11.0,-0.06,
07/04/2023 17:00,183.8,183.863,183.72994,183.862,6.2,0.03,
07/04/2023 16:00,183.846,183.876,183.7,183.81,-3.6,-0.02,
07/04/2023 15:00,183.726,183.913,183.71,183.843,11.7,0.06,
07/04/2023 14:00,183.668,183.758,183.56,183.73615,6.815,0.04,
07/04/2023 13:00,183.803,183.823,183.5,183.67,-13.3,-0.07,
07/04/2023 12:00,183.644,183.86,183.58,183.824,18.0,0.10,
07/04/2023 11:00,183.566,183.721,183.53,183.636,7.0,0.04,
07/04/2023 10:00,183.383,183.632,183.29,183.566,18.3,0.10,
07/04/2023 09:00,183.313,183.4,183.22,183.371,5.8,0.03,
07/04/2023 08:00,183.462,183.468,183.22,183.282,-18.0,-0.10,
07/04/2023 07:00,183.462,183.552,183.34,183.423,-3.9,-0.02,
07/04/2023 06:00,183.472,183.601,183.37,183.449,-2.3,-0.01,
07/04/2023 05:00,183.506,183.53996,183.41,183.452,-5.4,-0.03,
07/04/2023 04:00,183.536,183.6,183.42,183.518,-1.8,-0.01,
07/04/2023 03:00,183.448,183.574,183.39,183.5,5.2,0.03,
07/04/2023 02:00,183.507,183.564,183.4,183.45,-5.7,-0.03,
07/04/2023 01:00,183.418,183.4876,183.34,183.47,5.2,0.03,
07/04/2023 00:00,183.508,183.524,183.35,183.41,-9.8,-0.05,
07/03/2023 23:00,183.555,183.59289,183.45,183.509,-4.6,-0.03,
07/03/2023 22:00,183.541,183.635,183.50096,183.571,3.0,0.02,
07/03/2023 21:00,183.58,183.64,183.47,183.55,-3,-0.02,
07/03/2023 20:00,183.654,183.704,183.48635,183.58,-7.4,-0.04,
07/03/2023 19:00,183.65,183.69,183.58235,183.647,-0.3,0.00,
07/03/2023 18:00,183.493,183.656,183.4389,183.651,15.8,0.09,
07/03/2023 17:00,183.707,183.713,183.49,183.515,-19.2,-0.10,
07/03/2023 16:00,183.424,183.738,183.38,183.69,26.6,0.14,
07/03/2023 15:00,183.291,183.492,183.21,183.38,8.9,0.05,
07/03/2023 14:00,183.379,183.406,183.07,183.286,-9.3,-0.05,
07/03/2023 13:00,183.527,183.6,183.25,183.333,-19.4,-0.11,
07/03/2023 12:00,183.607,183.622,183.39,183.546,-6.1,-0.03,
07/03/2023 11:00,183.406,183.637,183.33,183.601,19.5,0.11,
07/03/2023 10:00,183.193,183.485,183.12,183.44,24.7,0.13,
07/03/2023 09:00,183.351,183.483,183.07,183.172,-17.9,-0.10,
07/03/2023 08:00,183.43,183.663,183.29,183.364,-6.6,-0.04,
07/03/2023 07:00,183.636,183.647,183.22,183.4,-23.6,-0.13,
07/03/2023 06:00,183.49,183.732,183.2,183.674,18.4,0.10,
07/03/2023 05:00,183.503,183.508,183.3,183.488,-1.5,-0.01,
07/03/2023 04:00,183.652,183.67231,183.45,183.504,-14.8,-0.08,
07/03/2023 03:00,183.651,183.7615,183.58,183.66,0.9,0.00,
07/03/2023 02:00,183.487,183.66941,183.43,183.66,17.3,0.09,
07/03/2023 01:00,183.29,183.52745,183.28,183.475,18.5,0.10,
07/03/2023 00:00,183.284,183.351,183.07,183.299,1.5,0.01,
07/02/2023 23:00,183.263,183.33615,183.225,183.276,1.3,0.01,
07/02/2023 22:00,183.156,183.337,183.156,183.25865,10.265,0.06,
07/02/2023 21:00,183.16788,183.31368,183.122,183.21499,4.711,0.03,
07/02/2023 20:00,182.84,183.23329,182.84,183.22096,38.096,0.21,
07/02/2023 19:00,183.31951,183.47958,182.938,183.2087,-11.081,-0.06,
07/02/2023 18:00,182.44626,183.45501,182.44626,183.45501,100.875,0.55,
07/02/2023 17:00,182.44626,183.45501,182.44626,183.45501,100.875,0.55,
07/02/2023 16:00,182.44626,183.45501,182.44626,183.45501,100.875,0.55,
07/02/2023 15:00,182.44626,183.45501,182.44626,183.45501,100.875,0.55,
07/02/2023 14:00,182.44626,183.45501,182.44626,183.45501,100.875,0.55,
07/02/2023 13:00,182.44626,183.45501,182.44626,183.45501,100.875,0.55,
07/02/2023 12:00,182.44626,183.45501,182.44626,183.45501,100.875,0.55,
07/02/2023 11:00,182.44626,183.45501,182.44626,183.45501,100.875,0.55,
07/02/2023 10:00,183.45501,183.45501,182.44626,183.45501,0.000,0.00,
06/30/2023 21:00,183.07,183.29641,181.889,182.44626,-62.374,-0.34,
06/30/2023 20:00,183.209,183.33721,182.829,183.21,0.1,0.00,
06/30/2023 19:00,183.177,183.253,183.08,183.227,5.0,0.03,
06/30/2023 18:00,183.348,183.391,183.1,183.162,-18.6,-0.10,
06/30/2023 17:00,183.523,183.593,183.29,183.35,-17.3,-0.09,
06/30/2023 16:00,183.606,183.712,183.44,183.54,-6.6,-0.04,
06/30/2023 15:00,183.756,183.875,183.52,183.58,-17.6,-0.10,
06/30/2023 14:00,183.456,183.812,183.38,183.806,35.0,0.19,
06/30/2023 13:00,183.252,183.533,183.1,183.409,15.7,0.09,
06/30/2023 12:00,183.052,183.308,182.976,183.233,18.1,0.10,
06/30/2023 11:00,182.901,183.055,182.85,183.04,13.9,0.08,
06/30/2023 10:00,182.853,182.92,182.63,182.877,2.4,0.01,
06/30/2023 09:00,182.448,182.923,182.396,182.83,38.2,0.21,
06/30/2023 08:00,183.075,183.136,182.44,182.451,-62.4,-0.34,
06/30/2023 07:00,182.426,183.156,182.37,183.084,65.8,0.36,
06/30/2023 06:00,182.705,182.71671,182.17,182.441,-26.4,-0.14,
06/30/2023 05:00,182.68,182.801,182.58,182.662,-1.8,-0.01,
06/30/2023 04:00,182.676,182.76807,182.56,182.666,-1.0,-0.01,
06/30/2023 03:00,182.626,182.77,182.56,182.694,6.8,0.04,
06/30/2023 02:00,182.648,182.85034,182.61,182.684,3.6,0.02,
06/30/2023 01:00,182.795,182.951,182.62,182.649,-14.6,-0.08,
06/30/2023 00:00,182.619,182.78935,182.55,182.755,13.6,0.07,
06/29/2023 23:00,182.56,182.65063,182.44,182.63,7,0.04,
06/29/2023 22:00,182.509,182.61,182.43082,182.568,5.9,0.03,
06/29/2023 21:00,182.564,182.67724,182.32,182.507,-5.7,-0.03,
06/29/2023 20:00,182.69,182.69,182.50711,182.564,-12.6,-0.07,
06/29/2023 19:00,182.75,182.768,182.57,182.687,-6.3,-0.03,
06/29/2023 18:00,182.688,182.805,182.62483,182.742,5.4,0.03,
06/29/2023 17:00,182.846,182.846,182.62,182.697,-14.9,-0.08,
06/29/2023 16:00,182.554,182.876,182.55,182.824,27.0,0.15,
06/29/2023 15:00,182.45,182.594,182.33,182.573,12.3,0.07,
06/29/2023 14:00,182.531,182.698,182.4,182.459,-7.2,-0.04,
06/29/2023 13:00,182.508,182.663,182.3,182.527,1.9,0.01,
06/29/2023 12:00,182.603,182.719,182.41,182.452,-15.1,-0.08,
06/29/2023 11:00,182.475,182.63,182.37,182.614,13.9,0.08,
06/29/2023 10:00,182.571,182.627,182.39,182.486,-8.5,-0.05,
06/29/2023 09:00,182.418,182.631,182.35,182.584,16.6,0.09,
06/29/2023 08:00,182.535,182.604,182.34879,182.468,-6.7,-0.04,
06/29/2023 07:00,182.722,182.867,182.24,182.574,-14.8,-0.08,
06/29/2023 06:00,182.46,182.738,182.4,182.72,26,0.14,
06/29/2023 05:00,182.461,182.52101,182.3,182.458,-0.3,0.00,
06/29/2023 04:00,182.346,182.52,182.31,182.459,11.3,0.06,
06/29/2023 03:00,182.283,182.436,182.23,182.319,3.6,0.02,
06/29/2023 02:00,182.368,182.424,182.25,182.285,-8.3,-0.05,
06/29/2023 01:00,182.238,182.397,182.19,182.37,13.2,0.07,
06/29/2023 00:00,182.525,182.547,182.19,182.226,-29.9,-0.16,
06/28/2023 23:00,182.498,182.547,182.42547,182.526,2.8,0.02,
06/28/2023 22:00,182.466,182.537,182.39,182.475,0.9,0.00,
06/28/2023 21:00,182.602,182.63,182.40204,182.45,-15.2,-0.08,
06/28/2023 20:00,182.569,182.62,182.48,182.554,-1.5,-0.01,
06/28/2023 19:00,182.528,182.568,182.44,182.56,3.2,0.02,
06/28/2023 18:00,182.494,182.607,182.42,182.508,1.4,0.01,
06/28/2023 17:00,182.363,182.562,182.27,182.482,11.9,0.07,
06/28/2023 16:00,182.221,182.514,182.16,182.351,13.0,0.07,
06/28/2023 15:00,182.283,182.405,182.12,182.2122,-7.08,-0.04,
06/28/2023 14:00,182.486,182.663,182.12,182.347,-13.9,-0.08,
06/28/2023 13:00,182.531,182.548,182.22,182.486,-4.5,-0.02,
06/28/2023 12:00,182.607,182.665,182.38,182.579,-2.8,-0.02,
06/28/2023 11:00,182.916,183.012,182.56,182.587,-32.9,-0.18,
06/28/2023 10:00,182.865,183.16,182.74,182.933,6.8,0.04,
06/28/2023 09:00,183.112,183.173,182.71,182.851,-26.1,-0.14,
06/28/2023 08:00,183.417,183.476,183.02,183.132,-28.5,-0.16,
06/28/2023 07:00,183.214,183.599,183.148,183.441,22.7,0.12,
06/28/2023 06:00,183.251,183.321,183.08,183.229,-2.2,-0.01,
06/28/2023 05:00,183.219,183.294,183.11,183.242,2.3,0.01,
06/28/2023 04:00,183.307,183.32394,183.16,183.23,-7.7,-0.04,
06/28/2023 03:00,183.219,183.33411,183.15,183.321,10.2,0.06,
06/28/2023 02:00,183.159,183.381,183.13,183.217,5.8,0.03,
06/28/2023 01:00,183.25,183.358,183.03,183.166,-8.4,-0.05,
06/28/2023 00:00,183.368,183.403,183.21,183.245,-12.3,-0.07,
06/27/2023 23:00,183.487,183.514,183.22,183.351,-13.6,-0.07,
06/27/2023 22:00,183.613,183.672,183.452,183.477,-13.6,-0.07,
06/27/2023 21:00,183.651,183.75,183.42,183.59521,-5.579,-0.03,
06/27/2023 20:00,183.65,183.674,183.5591,183.659,0.9,0.00,
06/27/2023 19:00,183.665,183.75734,183.58,183.65,-1.5,-0.01,
06/27/2023 18:00,183.543,183.663,183.48,183.653,11.0,0.06,
06/27/2023 17:00,183.558,183.685,183.44,183.543,-1.5,-0.01,
06/27/2023 16:00,183.591,183.638,183.4,183.563,-2.8,-0.02,
06/27/2023 15:00,183.567,183.696,183.5,183.599,3.2,0.02,
06/27/2023 14:00,182.993,183.618,182.948,183.581,58.8,0.32,
06/27/2023 13:00,182.854,183.04,182.77,183.022,16.8,0.09,
06/27/2023 12:00,182.697,182.861,182.55,182.792,9.5,0.05,
06/27/2023 11:00,183.024,183.024,182.55,182.643,-38.1,-0.21,
06/27/2023 10:00,182.929,183.119,182.85,183.086,15.7,0.09,
06/27/2023 09:00,183.031,183.096,182.82,182.929,-10.2,-0.06,
06/27/2023 08:00,182.765,183.033,182.7,183.008,24.3,0.13,
06/27/2023 07:00,182.851,183.007,182.66,182.77,-8.1,-0.04,
06/27/2023 06:00,182.8,183.006,182.74556,182.872,7.2,0.04,
06/27/2023 05:00,182.648,182.89135,182.62,182.799,15.1,0.08,
06/27/2023 04:00,182.547,182.68632,182.51,182.644,9.7,0.05,
06/27/2023 03:00,182.504,182.565,182.37,182.537,3.3,0.02,
06/27/2023 02:00,182.43,182.54877,182.37,182.498,6.8,0.04,
06/27/2023 01:00,182.306,182.525,182.21,182.427,12.1,0.07,
06/27/2023 00:00,182.341,182.413,182.2,182.3,-4.1,-0.02,
06/26/2023 23:00,182.313,182.362,182.1909,182.35,3.7,0.02,
06/26/2023 22:00,182.343,182.425,182.287,182.287,-5.6,-0.03,
06/26/2023 21:00,182.37,182.501,182.245,182.333,-3.7,-0.02,
06/26/2023 20:00,182.388,182.46,182.35,182.408,2.0,0.01,
06/26/2023 19:00,182.449,182.5503,182.33,182.374,-7.5,-0.04,
06/26/2023 18:00,182.464,182.563,182.42,182.468,0.4,0.00,
06/26/2023 17:00,182.652,182.692,182.43,182.488,-16.4,-0.09,
06/26/2023 16:00,182.624,182.651,182.46,182.65,2.6,0.01,
06/26/2023 15:00,182.459,182.664,182.31,182.62,16.1,0.09,
06/26/2023 14:00,182.396,182.576,182.27,182.462,6.6,0.04,
06/26/2023 13:00,181.908,182.517,181.84,182.38,47.2,0.26,
06/26/2023 12:00,182.08,182.178,181.78,181.938,-14.2,-0.08,
06/26/2023 11:00,181.878,182.115,181.66,182.103,22.5,0.12,
06/26/2023 10:00,182.333,182.35,181.764,181.836,-49.7,-0.27,
06/26/2023 09:00,182.332,182.469,182.19,182.297,-3.5,-0.02,
06/26/2023 08:00,182.452,182.472,182.167,182.32,-13.2,-0.07,
06/26/2023 07:00,182.586,182.663,181.99,182.452,-13.4,-0.07,
06/26/2023 06:00,182.522,182.639,182.37,182.589,6.7,0.04,
06/26/2023 05:00,182.549,182.681,182.51,182.551,0.2,0.00,
06/26/2023 04:00,182.606,182.628,182.43,182.545,-6.1,-0.03,
06/26/2023 03:00,182.703,182.71,182.53,182.59,-11.3,-0.06,
06/26/2023 02:00,182.685,182.861,182.65,182.703,1.8,0.01,
06/26/2023 01:00,182.645,182.98625,182.55,182.682,3.7,0.02,
06/26/2023 00:00,182.704,182.758,182.31,182.615,-8.9,-0.05,
06/25/2023 23:00,182.514,182.73,182.514,182.702,18.8,0.10,
06/25/2023 22:00,182.636,182.836,182.5,182.514,-12.2,-0.07,
06/25/2023 21:00,182.30744,182.64627,182.30744,182.64627,33.883,0.19,
06/25/2023 20:00,182.159,182.55152,182.159,182.30744,14.844,0.08,
06/25/2023 19:00,182.63185,183.26464,182.63185,183.26464,63.279,0.35,
06/25/2023 09:00,183.14,183.14,182.68185,182.68185,-45.815,-0.25,
06/25/2023 08:00,183.14,183.14,182.68185,182.68185,-45.815,-0.25,
06/25/2023 07:00,183.14,183.14,182.68185,182.68185,-45.815,-0.25,
06/25/2023 06:00,183.14,183.14,182.68185,182.68185,-45.815,-0.25,
06/25/2023 05:00,183.14,183.14,182.68185,182.68185,-45.815,-0.25,
06/25/2023 04:00,183.14,183.14,182.68185,182.68185,-45.815,-0.25,
06/25/2023 03:00,183.14,183.14,182.68185,182.68185,-45.815,-0.25,
06/25/2023 02:00,183.14,183.14,182.68185,182.68185,-45.815,-0.25,
06/25/2023 01:00,183.14,183.14,182.68185,182.68185,-45.815,-0.25,
06/25/2023 00:00,183.14,183.14,182.68185,182.68185,-45.815,-0.25,
06/24/2023 23:00,183.14,183.14,182.68185,182.68185,-45.815,-0.25,
06/24/2023 22:00,183.14,183.14,182.68185,182.68185,-45.815,-0.25,
06/24/2023 21:00,183.14,183.14,182.68185,182.68185,-45.815,-0.25,
06/24/2023 20:00,183.14,183.14,182.68185,182.68185,-45.815,-0.25,
06/24/2023 19:00,182.68185,183.14,182.68185,182.68185,0.000,0.00,
06/24/2023 18:00,182.46,183.85557,182.46,183.85557,139.557,0.76,
06/24/2023 17:00,182.46,182.68185,182.46,182.68185,22.185,0.12,
06/24/2023 16:00,182.46,182.68185,182.46,182.68185,22.185,0.12,
06/24/2023 15:00,182.46,182.68185,182.46,182.68185,22.185,0.12,
06/24/2023 14:00,182.46,182.68185,182.46,182.68185,22.185,0.12,
06/24/2023 13:00,182.46,182.68185,182.46,182.68185,22.185,0.12,
06/24/2023 12:00,182.46,182.68185,182.46,182.68185,22.185,0.12,
06/24/2023 11:00,182.46,182.68185,182.46,182.68185,22.185,0.12,
06/24/2023 10:00,182.46,182.68185,182.46,182.68185,22.185,0.12,
06/24/2023 09:00,182.46,182.68185,182.46,182.68185,22.185,0.12,
06/24/2023 08:00,182.46,182.68185,182.46,182.68185,22.185,0.12,
06/24/2023 07:00,182.46,182.68185,182.46,182.68185,22.185,0.12,
06/24/2023 06:00,182.46,182.68185,182.46,182.68185,22.185,0.12,
06/24/2023 05:00,182.46,182.68185,182.46,182.68185,22.185,0.12,
06/24/2023 04:00,182.46,182.68185,182.46,182.68185,22.185,0.12,
06/24/2023 03:00,182.46,182.68185,182.46,182.68185,22.185,0.12,
06/24/2023 02:00,182.46,182.68185,182.46,182.68185,22.185,0.12,
06/24/2023 01:00,182.46,182.68185,182.46,182.68185,22.185,0.12,
06/24/2023 00:00,182.46,182.68185,182.46,182.68185,22.185,0.12,
06/23/2023 23:00,182.68185,182.68185,182.46,182.46,-22.185,-0.12,
06/23/2023 22:00,182.68185,182.68185,182.46,182.46,-22.185,-0.12,
06/23/2023 21:00,182.64,182.68185,182.17,182.46,-18,-0.10,
06/23/2023 20:00,182.873,182.939,182.54411,182.69,-18.3,-0.10,
06/23/2023 19:00,182.751,182.847,182.62,182.8,4.9,0.03,
06/23/2023 18:00,182.7,182.79,182.53542,182.763,6.3,0.03,
06/23/2023 17:00,182.688,182.811,182.62,182.704,1.6,0.01,
06/23/2023 16:00,182.567,182.707,182.47,182.686,11.9,0.07,
06/23/2023 15:00,182.698,182.812,182.51,182.585,-11.3,-0.06,
06/23/2023 14:00,182.056,182.711,181.99,182.639,58.3,0.32,
06/23/2023 13:00,181.595,182.176,181.46,182.095,50.0,0.27,
06/23/2023 12:00,182.236,182.398,181.56,181.637,-59.9,-0.33,
06/23/2023 11:00,182.23,182.348,182.07,182.232,0.2,0.00,
06/23/2023 10:00,182.148,182.477,182.01,182.23,8.2,0.04,
06/23/2023 09:00,181.7,182.26,181.6,182.153,45.3,0.25,
06/23/2023 08:00,181.604,181.903,181.24,181.647,4.3,0.02,
06/23/2023 07:00,182.383,182.439,181.24,181.562,-82.1,-0.45,
06/23/2023 06:00,182.178,182.448,182.004,182.43,25.2,0.14,
06/23/2023 05:00,181.809,182.258,181.74,182.173,36.4,0.20,
06/23/2023 04:00,181.853,181.90599,181.61,181.798,-5.5,-0.03,
06/23/2023 03:00,181.969,181.99756,181.73,181.858,-11.1,-0.06,
06/23/2023 02:00,181.852,181.99,181.73,181.967,11.5,0.06,
06/23/2023 01:00,182.371,182.419,181.7,181.848,-52.3,-0.29,
06/23/2023 00:00,182.298,182.447,182.177,182.332,3.4,0.02,
06/22/2023 23:00,182.359,182.499,182.19,182.307,-5.2,-0.03,
06/22/2023 22:00,182.303,182.381,182.21,182.346,4.3,0.02,
06/22/2023 21:00,182.29,182.46688,181.956,182.308,1.8,0.01,
06/22/2023 20:00,182.453,182.46,182.26,182.29,-16.3,-0.09,
06/22/2023 19:00,182.327,182.553,182.28,182.454,12.7,0.07,
06/22/2023 18:00,182.109,182.334,181.99,182.3,19.1,0.10,
06/22/2023 17:00,182.053,182.147,181.91,182.103,5.0,0.03,
06/22/2023 16:00,182.142,182.205,181.97,182.059,-8.3,-0.05,
06/22/2023 15:00,181.964,182.161,181.88,182.14,17.6,0.10,
06/22/2023 14:00,181.567,182.001,181.534,181.964,39.7,0.22,
06/22/2023 13:00,181.329,181.628,181.15,181.606,27.7,0.15,
06/22/2023 12:00,181.539,181.592,181.072,181.327,-21.2,-0.12,
06/22/2023 11:00,181.63,182.488,180.732,181.549,-8.1,-0.04,
06/22/2023 10:00,181.51,181.746,181.42,181.581,7.1,0.04,
06/22/2023 09:00,181.381,181.512,181.24,181.498,11.7,0.06,
06/22/2023 08:00,180.979,181.464,180.979,181.365,38.6,0.21,
06/22/2023 07:00,180.844,181.095,180.68,181.009,16.5,0.09,
06/22/2023 06:00,180.835,181.055,180.76,180.832,-0.3,0.00,
06/22/2023 05:00,180.879,180.93,180.74,180.826,-5.3,-0.03,
06/22/2023 04:00,180.977,180.99884,180.71,180.878,-9.9,-0.05,
06/22/2023 03:00,180.883,180.99558,180.83735,180.976,9.3,0.05,
06/22/2023 02:00,180.955,180.967,180.75,180.877,-7.8,-0.04,
06/22/2023 01:00,181.153,181.165,180.9,180.948,-20.5,-0.11,
06/22/2023 00:00,180.933,181.16419,180.88,181.153,22.0,0.12,
06/21/2023 23:00,180.954,181.021,180.87,180.947,-0.7,0.00,
06/21/2023 22:00,181.109,181.16827,180.87,180.933,-17.6,-0.10,
06/21/2023 21:00,181.13,181.22718,180.915,181.1,-3,-0.02,
06/21/2023 20:00,181.138,181.175,180.98,181.146,0.8,0.00,
06/21/2023 19:00,181.122,181.2,181.07,181.123,0.1,0.00,
06/21/2023 18:00,181.111,181.21877,181.05,181.154,4.3,0.02,
06/21/2023 17:00,181.056,181.139,180.89,181.11,5.4,0.03,
06/21/2023 16:00,180.951,181.085,180.84,181.039,8.8,0.05,
06/21/2023 15:00,180.84,180.952,180.56,180.926,8.6,0.05,
06/21/2023 14:00,180.918,181.24,180.77,180.827,-9.1,-0.05,
06/21/2023 13:00,180.609,180.981,180.54,180.91,30.1,0.17,
06/21/2023 12:00,180.51,180.599,180.34,180.549,3.9,0.02,
06/21/2023 11:00,180.101,180.569,179.9,180.522,42.1,0.23,
06/21/2023 10:00,180.253,180.428,179.9,180.096,-15.7,-0.09,
06/21/2023 09:00,180.602,180.658,180.17,180.277,-32.5,-0.18,
06/21/2023 08:00,180.955,181.113,180.51,180.617,-33.8,-0.19,
06/21/2023 07:00,181.49,181.547,180.83,180.892,-59.8,-0.33,
06/21/2023 06:00,180.853,181.6,180.784,181.479,62.6,0.34,
06/21/2023 05:00,180.977,181.025,180.76,180.858,-11.9,-0.07,
06/21/2023 04:00,180.726,180.957,180.65,180.956,23.0,0.13,
06/21/2023 03:00,180.636,180.73171,180.59,180.713,7.7,0.04,
06/21/2023 02:00,180.674,180.745,180.55,180.63,-4.4,-0.02,
06/21/2023 01:00,180.779,180.785,180.59,180.665,-11.4,-0.06,
06/21/2023 00:00,180.408,180.74,180.4,180.73,32.2,0.18,
06/20/2023 23:00,180.40701,180.476,180.29,180.407,-0.001,0.00,
06/20/2023 22:00,180.437,180.505,180.35,180.407,-3.0,-0.02,
06/20/2023 21:00,180.55,180.73,180.025,180.434,-11.6,-0.06,
06/20/2023 20:00,180.535,180.585,180.44,180.53,-0.5,0.00,
06/20/2023 19:00,180.36,180.558,180.26,180.532,17.2,0.10,
06/20/2023 18:00,180.194,180.407,180.15,180.384,19.0,0.11,
06/20/2023 17:00,180.18,180.299,180.07,180.179,-0.1,0.00,
06/20/2023 16:00,180.069,180.238,179.93,180.192,12.3,0.07,
06/20/2023 15:00,179.974,180.206,179.9,180.081,10.7,0.06,
06/20/2023 14:00,180.171,180.324,179.9,179.963,-20.8,-0.12,
06/20/2023 13:00,180.224,180.257,180.01,180.121,-10.3,-0.06,
06/20/2023 12:00,180.297,180.44,180.09,180.183,-11.4,-0.06,
06/20/2023 11:00,180.521,180.568,180.24506,180.298,-22.3,-0.12,
06/20/2023 10:00,180.828,180.895,180.39,180.498,-33.0,-0.18,
06/20/2023 09:00,180.929,181.115,180.69,180.834,-9.5,-0.05,
06/20/2023 08:00,181.482,181.523,180.75,180.928,-55.4,-0.31,
06/20/2023 07:00,181.376,181.574,180.95,181.462,8.6,0.05,
06/20/2023 06:00,181.555,181.739,181.23,181.341,-21.4,-0.12,
06/20/2023 05:00,181.527,181.587,181.37,181.537,1.0,0.01,
06/20/2023 04:00,181.268,181.543,181.12,181.51,24.2,0.13,
06/20/2023 03:00,181.308,181.47651,181.22,181.291,-1.7,-0.01,
06/20/2023 02:00,181.681,181.726,181.15,181.307,-37.4,-0.21,
06/20/2023 01:00,181.893,182.08,181.59,181.663,-23.0,-0.13,
06/20/2023 00:00,181.533,182.007,181.49,181.902,36.9,0.20,
06/19/2023 23:00,181.628,181.67863,181.5,181.523,-10.5,-0.06,
06/19/2023 22:00,181.582,181.711,181.52702,181.63,4.8,0.03,
06/19/2023 21:00,181.62,181.709,181.235,181.58,-4,-0.02,
06/19/2023 20:00,181.435,181.655,181.33,181.648,21.3,0.12,
06/19/2023 19:00,181.42,181.47,181.32787,181.436,1.6,0.01,
06/19/2023 18:00,181.381,181.441,181.33084,181.422,4.1,0.02,
06/19/2023 17:00,181.29,181.41,181.25,181.392,10.2,0.06,
06/19/2023 16:00,181.532,181.656,181.21,181.289,-24.3,-0.13,
06/19/2023 15:00,181.486,181.592,181.42247,181.544,5.8,0.03,
06/19/2023 14:00,181.389,181.637,181.17,181.484,9.5,0.05,
06/19/2023 13:00,181.716,181.751,181.36,181.391,-32.5,-0.18,
06/19/2023 12:00,181.71,181.766,181.54,181.728,1.8,0.01,
06/19/2023 11:00,181.678,181.874,181.57805,181.754,7.6,0.04,
06/19/2023 10:00,181.804,181.93439,181.56,181.611,-19.3,-0.11,
06/19/2023 09:00,181.845,181.966,181.72,181.796,-4.9,-0.03,
06/19/2023 08:00,181.751,181.847,181.57,181.825,7.4,0.04,
06/19/2023 07:00,181.588,182.033,181.4665,181.799,21.1,0.12,
06/19/2023 06:00,181.62,181.69801,181.4166,181.582,-3.8,-0.02,
06/19/2023 05:00,181.284,181.64,181.24085,181.613,32.9,0.18,
06/19/2023 04:00,181.381,181.53,181.13,181.266,-11.5,-0.06,
06/19/2023 03:00,181.804,181.82724,181.27,181.372,-43.2,-0.24,
06/19/2023 02:00,181.857,181.95734,181.78,181.809,-4.8,-0.03,
06/19/2023 01:00,181.984,181.984,181.73,181.853,-13.1,-0.07,
06/19/2023 00:00,182.01,182.07,181.83,181.968,-4.2,-0.02,
06/18/2023 23:00,182.002,182.4611,181.94,181.98,-2.2,-0.01,
06/18/2023 22:00,182.32247,182.3557,181.908,182.01026,-31.221,-0.17,
06/18/2023 21:00,182.29682,182.34706,182.12706,182.32461,2.779,0.02,
06/18/2023 20:00,182.25408,182.29682,182.18255,182.29682,4.274,0.02,
06/18/2023 19:00,182.25088,182.25408,181.68654,182.21884,-3.204,-0.02,
06/18/2023 09:00,181.82464,181.82464,181.68654,181.68654,-13.810,-0.08,
06/18/2023 08:00,181.83746,181.83746,181.68654,181.68654,-15.092,-0.08,
06/18/2023 07:00,181.83746,181.83746,181.82464,181.82464,-1.282,-0.01,
06/18/2023 06:00,181.83746,181.83746,181.82464,181.82464,-1.282,-0.01,
06/18/2023 05:00,181.83746,181.83746,181.82464,181.82464,-1.282,-0.01,
06/18/2023 04:00,181.83746,181.83746,181.82464,181.82464,-1.282,-0.01,
06/18/2023 03:00,181.83746,181.83746,181.82464,181.82464,-1.282,-0.01,
06/18/2023 02:00,181.83746,181.83746,181.82464,181.82464,-1.282,-0.01,
06/18/2023 01:00,181.83746,181.83746,181.82464,181.82464,-1.282,-0.01,
06/18/2023 00:00,181.83746,181.83746,181.82464,181.82464,-1.282,-0.01,
06/17/2023 23:00,181.83746,181.83746,181.82464,181.82464,-1.282,-0.01,
06/17/2023 22:00,181.83746,181.83746,181.82464,181.82464,-1.282,-0.01,
06/17/2023 21:00,181.83746,181.83746,181.82464,181.82464,-1.282,-0.01,
06/17/2023 20:00,181.83746,181.83746,181.82464,181.82464,-1.282,-0.01,
06/17/2023 19:00,181.83746,181.83746,181.82464,181.82464,-1.282,-0.01,
06/17/2023 18:00,181.83746,181.83746,181.82464,181.82464,-1.282,-0.01,
06/17/2023 17:00,181.83746,181.83746,181.82464,181.82464,-1.282,-0.01,
06/17/2023 16:00,181.83746,181.83746,181.82464,181.82464,-1.282,-0.01,
06/17/2023 15:00,181.83746,181.83746,181.82464,181.82464,-1.282,-0.01,
06/17/2023 14:00,181.83746,181.83746,181.82464,181.82464,-1.282,-0.01,
06/17/2023 13:00,181.83746,181.83746,181.82464,181.82464,-1.282,-0.01,
06/17/2023 12:00,181.83746,181.83746,181.82464,181.82464,-1.282,-0.01,
06/17/2023 11:00,181.83746,181.83746,181.82464,181.82464,-1.282,-0.01,
06/17/2023 10:00,181.83746,181.83746,181.82464,181.82464,-1.282,-0.01,
06/17/2023 09:00,181.83746,181.83746,181.82464,181.82464,-1.282,-0.01,
06/17/2023 08:00,181.83746,181.83746,181.82464,181.82464,-1.282,-0.01,
06/17/2023 07:00,181.83746,181.83746,181.82464,181.82464,-1.282,-0.01,
06/17/2023 06:00,181.83746,181.83746,181.82464,181.82464,-1.282,-0.01,
06/17/2023 05:00,181.83746,181.83746,181.82464,181.82464,-1.282,-0.01,
06/17/2023 04:00,181.83746,181.83746,181.82464,181.82464,-1.282,-0.01,
06/17/2023 03:00,181.83746,181.83746,181.82464,181.82464,-1.282,-0.01,
06/17/2023 02:00,181.83746,181.83746,181.82464,181.82464,-1.282,-0.01,
06/17/2023 01:00,181.83746,181.83746,181.82464,181.82464,-1.282,-0.01,
06/17/2023 00:00,181.82464,181.83746,181.82464,181.82464,0.000,0.00,
06/16/2023 23:00,181.82464,181.83746,181.82464,181.83746,1.282,0.01,
06/16/2023 22:00,181.82464,181.83746,181.82464,181.83746,1.282,0.01,
06/16/2023 21:00,181.58,181.94713,181.56617,181.83746,25.746,0.14,
06/16/2023 20:00,181.846,181.973,181.5,181.831,-1.5,-0.01,
06/16/2023 19:00,181.962,182.006,181.48,181.847,-11.5,-0.06,
06/16/2023 18:00,181.938,182.038,181.55,181.971,3.3,0.02,
06/16/2023 17:00,181.956,181.975,181.43,181.94,-1.6,-0.01,
06/16/2023 16:00,181.733,181.96,181.36,181.957,22.4,0.12,
06/16/2023 15:00,181.262,181.742,180.85,181.734,47.2,0.26,
06/16/2023 14:00,181.253,181.541,180.54,181.275,2.2,0.01,
06/16/2023 13:00,181.076,181.413,180.79,181.224,14.8,0.08,
06/16/2023 12:00,180.788,181.276,180.57,181.07,28.2,0.16,
06/16/2023 11:00,180.245,180.809,180.08,180.79,54.5,0.30,
06/16/2023 10:00,180.344,180.425,179.95,180.257,-8.7,-0.05,
06/16/2023 09:00,180.466,180.469,180.07,180.34,-12.6,-0.07,
06/16/2023 08:00,180.465,180.757,180.1,180.47,0.5,0.00,
06/16/2023 07:00,180.466,180.855,180.15,180.48,1.4,0.01,
06/16/2023 06:00,179.927,180.552,179.79,180.453,52.6,0.29,
06/16/2023 05:00,179.705,180.002,179.62,179.926,22.1,0.12,
06/16/2023 04:00,179.523,179.847,179.43,179.702,17.9,0.10,
06/16/2023 03:00,179.643,179.695,179.16,179.516,-12.7,-0.07,
06/16/2023 02:00,178.879,179.749,178.79,179.642,76.3,0.42,
06/16/2023 01:00,179.129,179.18572,178.8,178.88,-24.9,-0.14,
06/16/2023 00:00,179.319,179.347,179.04,179.132,-18.7,-0.10,
06/15/2023 23:00,179.185,179.345,179.14,179.321,13.6,0.08,
06/15/2023 22:00,179.277,179.285,179.12,179.186,-9.1,-0.05,
06/15/2023 21:00,179.302,179.38,178.868,179.298,-0.4,0.00,
06/15/2023 20:00,179.311,179.341,178.95,179.302,-0.9,-0.01,
06/15/2023 19:00,179.37,179.397,179.18,179.307,-6.3,-0.04,
06/15/2023 18:00,179.25,179.398,179.17,179.368,11.8,0.07,
06/15/2023 17:00,179.23,179.317,178.97,179.234,0.4,0.00,
06/15/2023 16:00,179.266,179.279,178.9,179.24,-2.6,-0.01,
06/15/2023 15:00,178.982,179.369,178.88,179.267,28.5,0.16,
06/15/2023 14:00,178.614,179.012,178.59,178.977,36.3,0.20,
06/15/2023 13:00,178.229,178.669,178.09,178.626,39.7,0.22,
06/15/2023 12:00,178.573,178.742,178.11,178.243,-33.0,-0.19,
06/15/2023 11:00,178.792,178.839,178.56,178.58,-21.2,-0.12,
06/15/2023 10:00,178.555,178.821,178.5,178.797,24.2,0.14,
06/15/2023 09:00,178.857,178.895,178.35,178.555,-30.2,-0.17,
06/15/2023 08:00,178.76,179.043,178.72,178.863,10.3,0.06,
06/15/2023 07:00,178.723,179.001,178.63,178.761,3.8,0.02,
06/15/2023 06:00,178.641,178.835,178.56,178.722,8.1,0.05,
06/15/2023 05:00,178.515,178.727,178.39,178.623,10.8,0.06,
06/15/2023 04:00,178.367,178.583,178.357,178.516,14.9,0.08,
06/15/2023 03:00,178.19,178.372,178.08,178.363,17.3,0.10,
06/15/2023 02:00,178.16,178.215,177.94,178.197,3.7,0.02,
06/15/2023 01:00,177.683,178.2,177.64,178.165,48.2,0.27,
06/15/2023 00:00,177.339,177.71,177.3,177.674,33.5,0.19,
06/14/2023 23:00,177.278,177.418,177.24537,177.315,3.7,0.02,
06/14/2023 22:00,177.291,177.398,177.22,177.26,-3.1,-0.02,
06/14/2023 21:00,177.39,177.55528,177.106,177.31,-8,-0.05,
06/14/2023 20:00,177.139,177.41,177.09,177.39,25.1,0.14,
06/14/2023 19:00,176.996,177.237,176.91,177.135,13.9,0.08,
06/14/2023 18:00,176.828,177.167,176.617,176.96,13.2,0.07,
06/14/2023 17:00,176.909,176.929,176.76,176.884,-2.5,-0.01,
06/14/2023 16:00,176.873,176.984,176.81,176.912,3.9,0.02,
06/14/2023 15:00,176.985,177.047,176.81,176.877,-10.8,-0.06,
06/14/2023 14:00,176.948,177.03,176.86,176.985,3.7,0.02,
06/14/2023 13:00,177.03,177.135,176.84,176.947,-8.3,-0.05,
06/14/2023 12:00,177.036,177.111,176.785,177.053,1.7,0.01,
06/14/2023 11:00,176.958,177.119,176.91,177.041,8.3,0.05,
06/14/2023 10:00,176.899,177.143,176.87,176.958,5.9,0.03,
06/14/2023 09:00,176.839,176.925,176.7187,176.886,4.7,0.03,
06/14/2023 08:00,176.65,176.861,176.51,176.843,19.3,0.11,
06/14/2023 07:00,176.685,176.818,176.41,176.634,-5.1,-0.03,
06/14/2023 06:00,176.565,176.761,176.536,176.673,10.8,0.06,
06/14/2023 05:00,176.697,176.75,176.5,176.562,-13.5,-0.08,
06/14/2023 04:00,176.579,176.697,176.52,176.68,10.1,0.06,
06/14/2023 03:00,176.688,176.705,176.45959,176.579,-10.9,-0.06,
06/14/2023 02:00,176.677,176.721,176.6,176.676,-0.1,0.00,
06/14/2023 01:00,176.55,176.68819,176.46,176.677,12.7,0.07,
06/14/2023 00:00,176.661,176.679,176.47,176.555,-10.6,-0.06,
06/13/2023 23:00,176.743,176.76905,176.62,176.645,-9.8,-0.06,
06/13/2023 22:00,176.807,176.88,176.65323,176.71,-9.7,-0.05,
06/13/2023 21:00,176.819,176.97,176.44,176.824,0.5,0.00,
06/13/2023 20:00,176.773,176.854,176.71,176.819,4.6,0.03,
06/13/2023 19:00,176.784,176.815,176.66,176.771,-1.3,-0.01,
06/13/2023 18:00,176.691,176.803,176.58,176.786,9.5,0.05,
06/13/2023 17:00,176.587,176.718,176.38,176.69,10.3,0.06,
06/13/2023 16:00,176.541,176.608,176.45,176.577,3.6,0.02,
06/13/2023 15:00,176.226,176.653,176.17,176.54,31.4,0.18,
06/13/2023 14:00,175.885,176.249,175.78,176.229,34.4,0.20,
06/13/2023 13:00,175.256,175.919,175.08,175.891,63.5,0.36,
06/13/2023 12:00,175.403,176.005,175.053,175.252,-15.1,-0.09,
06/13/2023 11:00,175.373,175.504,175.32,175.385,1.2,0.01,
06/13/2023 10:00,175.363,175.461,175.29,175.38,1.7,0.01,
06/13/2023 09:00,175.3,175.436,175.17,175.351,5.1,0.03,
06/13/2023 08:00,175.279,175.379,175.17,175.306,2.7,0.02,
06/13/2023 07:00,175.404,175.468,175.17,175.259,-14.5,-0.08,
06/13/2023 06:00,174.726,175.423,174.706,175.39,66.4,0.38,
06/13/2023 05:00,174.798,174.94,174.68,174.725,-7.3,-0.04,
06/13/2023 04:00,174.7,174.82581,174.63,174.799,9.9,0.06,
06/13/2023 03:00,174.625,174.743,174.53,174.697,7.2,0.04,
06/13/2023 02:00,174.667,174.711,174.57,174.626,-4.1,-0.02,
06/13/2023 01:00,174.794,174.84,174.63,174.63,-16.4,-0.09,
06/13/2023 00:00,174.495,174.818,174.43,174.791,29.6,0.17,
06/12/2023 23:00,174.579,174.631,174.44632,174.496,-8.3,-0.05,
06/12/2023 22:00,174.653,174.684,174.51037,174.581,-7.2,-0.04,
06/12/2023 21:00,174.64,174.75,174.182,174.677,3.7,0.02,
06/12/2023 20:00,174.609,174.69016,174.52,174.64,3.1,0.02,
06/12/2023 19:00,174.563,174.661,174.51,174.61,4.7,0.03,
06/12/2023 18:00,174.585,174.611,174.49,174.562,-2.3,-0.01,
06/12/2023 17:00,174.565,174.60596,174.44632,174.595,3.0,0.02,
06/12/2023 16:00,174.489,174.64101,174.43,174.566,7.7,0.04,
06/12/2023 15:00,174.653,174.675,174.33,174.493,-16.0,-0.09,
06/12/2023 14:00,174.89,174.948,174.59,174.65,-24,-0.14,
06/12/2023 13:00,174.714,174.94454,174.65,174.888,17.4,0.10,
06/12/2023 12:00,175.112,175.177,174.63,174.713,-39.9,-0.23,
06/12/2023 11:00,175.052,175.172,174.96,175.109,5.7,0.03,
06/12/2023 10:00,175.371,175.383,174.85,175.01,-36.1,-0.21,
06/12/2023 09:00,175.275,175.417,175.19,175.35,7.5,0.04,
06/12/2023 08:00,175.627,175.669,175.16,175.263,-36.4,-0.21,
06/12/2023 07:00,175.418,175.769,175.37,175.616,19.8,0.11,
06/12/2023 06:00,175.417,175.516,175.35,175.415,-0.2,0.00,
06/12/2023 05:00,175.298,175.441,175.2,175.416,11.8,0.07,
06/12/2023 04:00,175.275,175.33,175.14772,175.297,2.2,0.01,
06/12/2023 03:00,175.375,175.39173,175.2,175.273,-10.2,-0.06,
06/12/2023 02:00,175.377,175.46918,175.32,175.376,-0.1,0.00,
06/12/2023 01:00,175.31,175.43927,175.23,175.376,6.6,0.04,
06/12/2023 00:00,175.318,175.323,175.11,175.309,-0.9,-0.01,
06/11/2023 23:00,175.323,175.346,175.25303,175.319,-0.4,0.00,
06/11/2023 22:00,175.364,175.467,175.291,175.322,-4.2,-0.02,
06/11/2023 21:00,174.818,175.38827,174.818,175.35645,53.845,0.31,
06/11/2023 20:00,175.3526,175.44874,174.817,174.818,-53.46,-0.31,
06/11/2023 19:00,175.41104,175.50134,175.40591,175.50134,9.030,0.05,
06/11/2023 18:00,175.52701,175.52701,174.87221,174.87221,-65.480,-0.37,
06/11/2023 17:00,175.52701,175.52701,174.87221,174.87221,-65.480,-0.37,
06/11/2023 16:00,175.52701,175.52701,174.87221,174.87221,-65.480,-0.37,
06/11/2023 15:00,175.52701,175.52701,174.87221,174.87221,-65.480,-0.37,
06/11/2023 14:00,175.52701,175.52701,174.87221,174.87221,-65.480,-0.37,
06/11/2023 13:00,174.87221,175.52701,174.87221,174.87221,0.000,0.00,
06/11/2023 09:00,175.05192,175.52701,175.05192,175.52701,47.509,0.27,
06/11/2023 08:00,175.05192,175.52701,175.05192,175.52701,47.509,0.27,
06/11/2023 07:00,175.15192,175.52701,174.87221,175.52701,37.509,0.21,
06/11/2023 06:00,175.15192,175.15192,174.87221,174.87221,-27.971,-0.16,
06/11/2023 05:00,175.15192,175.15192,174.87221,174.87221,-27.971,-0.16,
06/11/2023 04:00,175.15192,175.15192,174.87221,174.87221,-27.971,-0.16,
06/11/2023 03:00,175.15192,175.15192,174.87221,174.87221,-27.971,-0.16,
06/11/2023 02:00,175.15192,175.15192,174.87221,174.87221,-27.971,-0.16,
06/11/2023 01:00,175.15192,175.15192,174.87221,174.87221,-27.971,-0.16,
06/11/2023 00:00,175.15192,175.15192,174.87221,174.87221,-27.971,-0.16,
06/10/2023 23:00,174.87221,175.15192,174.87221,174.87221,0.000,0.00,
06/10/2023 22:00,175.15192,175.15192,174.87221,175.15192,0.000,0.00,
06/10/2023 21:00,175.15192,175.15192,174.87221,174.87221,-27.971,-0.16,
06/10/2023 20:00,175.15192,175.15192,174.87221,174.87221,-27.971,-0.16,
06/10/2023 19:00,175.15192,175.15192,174.87221,174.87221,-27.971,-0.16,
06/10/2023 18:00,175.15192,175.15192,174.87221,174.87221,-27.971,-0.16,
06/10/2023 17:00,175.15192,175.15192,174.87221,174.87221,-27.971,-0.16,
06/10/2023 16:00,175.15192,175.15192,174.87221,174.87221,-27.971,-0.16,
06/10/2023 15:00,175.15192,175.15192,174.87221,174.87221,-27.971,-0.16,
06/10/2023 14:00,175.15192,175.15192,174.87221,174.87221,-27.971,-0.16,
06/10/2023 13:00,175.15192,175.15192,174.87221,174.87221,-27.971,-0.16,
06/10/2023 12:00,175.15192,175.15192,174.87221,174.87221,-27.971,-0.16,
06/10/2023 11:00,175.15192,175.15192,174.87221,174.87221,-27.971,-0.16,
06/10/2023 10:00,175.15192,175.15192,174.87221,174.87221,-27.971,-0.16,
06/10/2023 09:00,175.15192,175.15192,174.87221,174.87221,-27.971,-0.16,
06/10/2023 08:00,175.15192,175.15192,174.87221,174.87221,-27.971,-0.16,
06/10/2023 07:00,175.15192,175.15192,174.87221,174.87221,-27.971,-0.16,
06/10/2023 06:00,175.15192,175.15192,174.87221,174.87221,-27.971,-0.16,
06/10/2023 05:00,175.15192,175.15192,174.87221,174.87221,-27.971,-0.16,
06/10/2023 04:00,175.15192,175.15192,174.87221,174.87221,-27.971,-0.16,
06/10/2023 03:00,175.15192,175.15192,174.87221,174.87221,-27.971,-0.16,
06/10/2023 02:00,175.15192,175.16192,174.87221,174.87221,-27.971,-0.16,
06/10/2023 01:00,175.15192,175.16192,175.15192,175.16192,1.000,0.01,
06/10/2023 00:00,175.16192,175.16192,175.15192,175.16192,0.000,0.00,
06/09/2023 23:00,175.16192,175.16192,175.15192,175.15192,-1.000,-0.01,
06/09/2023 22:00,175.15192,175.16192,175.15192,175.15192,0.000,0.00,
06/09/2023 21:00,175.28,175.49,174.494,175.16192,-11.808,-0.07,
06/09/2023 20:00,175.36,175.406,174.87,174.87,-49,-0.28,
06/09/2023 19:00,175.335,175.391,175.25,175.37,3.5,0.02,
06/09/2023 18:00,175.202,175.289,175.11433,175.289,8.7,0.05,
06/09/2023 17:00,175.339,175.345,175.13,175.201,-13.8,-0.08,
06/09/2023 16:00,175.284,175.358,175.18,175.342,5.8,0.03,
06/09/2023 15:00,175.344,175.363,175.14,175.279,-6.5,-0.04,
06/09/2023 14:00,175.438,175.513,175.16,175.337,-10.1,-0.06,
06/09/2023 13:00,175.06,175.541,174.96,175.426,36.6,0.21,
06/09/2023 12:00,175.159,175.264,174.727,175.063,-9.6,-0.05,
06/09/2023 11:00,175.058,175.206,174.98,175.139,8.1,0.05,
06/09/2023 10:00,175.092,175.247,174.99,175.059,-3.3,-0.02,
06/09/2023 09:00,175.159,175.181,174.979,175.089,-7.0,-0.04,
06/09/2023 08:00,175.157,175.227,175.01,175.164,0.7,0.00,
06/09/2023 07:00,175.07,175.239,174.89,175.14,7,0.04,
06/09/2023 06:00,174.849,175.221,174.84,175.081,23.2,0.13,
06/09/2023 05:00,174.69,175.023,174.68,174.848,15.8,0.09,
06/09/2023 04:00,174.74,174.78854,174.661,174.715,-2.5,-0.01,
06/09/2023 03:00,174.817,174.855,174.71,174.741,-7.6,-0.04,
06/09/2023 02:00,174.768,174.823,174.69,174.819,5.1,0.03,
06/09/2023 01:00,174.542,174.797,174.51,174.762,22.0,0.13,
06/09/2023 00:00,174.37,174.622,174.37,174.54,17,0.10,
06/08/2023 23:00,174.42,174.45745,174.28,174.402,-1.8,-0.01,
06/08/2023 22:00,174.418,174.502,174.39,174.427,0.9,0.01,
06/08/2023 21:00,174.47,174.477,174.198,174.404,-6.6,-0.04,
06/08/2023 20:00,174.431,174.486,174.36106,174.47,3.9,0.02,
06/08/2023 19:00,174.449,174.49642,174.37838,174.432,-1.7,-0.01,
06/08/2023 18:00,174.363,174.516,174.34,174.45,8.7,0.05,
06/08/2023 17:00,174.39,174.473,174.3,174.361,-2.9,-0.02,
06/08/2023 16:00,174.161,174.44599,174.11,174.384,22.3,0.13,
06/08/2023 15:00,174.199,174.485,174.1,174.171,-2.8,-0.02,
06/08/2023 14:00,173.967,174.361,173.94,174.197,23.0,0.13,
06/08/2023 13:00,174.019,174.26,173.94,173.962,-5.7,-0.03,
06/08/2023 12:00,174.134,174.251,173.925,174.023,-11.1,-0.06,
06/08/2023 11:00,174.246,174.283,174.09,174.11,-13.6,-0.08,
06/08/2023 10:00,174.176,174.298,174.09,174.237,6.1,0.04,
06/08/2023 09:00,174.357,174.41,174.10247,174.173,-18.4,-0.11,
06/08/2023 08:00,174.051,174.365,174.01,174.358,30.7,0.18,
06/08/2023 07:00,174.094,174.238,173.99,174.052,-4.2,-0.02,
06/08/2023 06:00,174.013,174.199,174.0,174.078,6.5,0.04,
06/08/2023 05:00,174.006,174.184,173.91,174.012,0.6,0.00,
06/08/2023 04:00,174.036,174.055,173.87,174.003,-3.3,-0.02,
06/08/2023 03:00,174.121,174.18519,174.01,174.01,-11.1,-0.06,
06/08/2023 02:00,174.152,174.21721,174.08,174.122,-3.0,-0.02,
06/08/2023 01:00,174.19,174.367,174.11,174.154,-3.6,-0.02,
06/08/2023 00:00,174.109,174.294,174.04,174.188,7.9,0.05,
06/07/2023 23:00,174.127,174.202,174.03,174.109,-1.8,-0.01,
06/07/2023 22:00,174.265,174.409,174.1,174.126,-13.9,-0.08,
06/07/2023 21:00,174.3,174.34,173.94644,174.303,0.3,0.00,
06/07/2023 20:00,174.311,174.37102,174.26,174.3,-1.1,-0.01,
06/07/2023 19:00,174.303,174.396,174.22,174.313,1.0,0.01,
06/07/2023 18:00,174.312,174.43666,174.25,174.314,0.2,0.00,
06/07/2023 17:00,174.298,174.347,174.13,174.28,-1.8,-0.01,
06/07/2023 16:00,174.246,174.341,174.15,174.307,6.1,0.03,
06/07/2023 15:00,174.113,174.36,174.08,174.243,13.0,0.07,
06/07/2023 14:00,173.788,174.262,173.765,174.096,30.8,0.18,
06/07/2023 13:00,173.934,174.003,173.65,173.788,-14.6,-0.08,
06/07/2023 12:00,173.801,173.944,173.72,173.934,13.3,0.08,
06/07/2023 11:00,173.592,173.814,173.46,173.812,22.0,0.13,
06/07/2023 10:00,173.358,173.652,173.31,173.59,23.2,0.13,
06/07/2023 09:00,173.346,173.401,173.12,173.361,1.5,0.01,
06/07/2023 08:00,173.056,173.37,173.0,173.361,30.5,0.18,
06/07/2023 07:00,172.745,173.075,172.64,173.053,30.8,0.18,
06/07/2023 06:00,172.798,172.907,172.69,172.7,-9.8,-0.06,
06/07/2023 05:00,172.992,173.038,172.761,172.798,-19.4,-0.11,
06/07/2023 04:00,173.079,173.112,172.893,172.991,-8.8,-0.05,
06/07/2023 03:00,172.938,173.09,172.88,173.079,14.1,0.08,
06/07/2023 02:00,173.145,173.145,172.91,172.937,-20.8,-0.12,
06/07/2023 01:00,173.25,173.279,172.99,173.142,-10.8,-0.06,
06/07/2023 00:00,173.401,173.53,173.24,173.252,-14.9,-0.09,
06/06/2023 23:00,173.425,173.49925,173.37,173.38,-4.5,-0.03,
06/06/2023 22:00,173.427,173.476,173.36,173.39,-3.7,-0.02,
06/06/2023 21:00,173.47,173.61,173.334,173.425,-4.5,-0.03,
06/06/2023 20:00,173.558,173.561,173.44,173.47,-8.8,-0.05,
06/06/2023 19:00,173.586,173.6293,173.49,173.552,-3.4,-0.02,
06/06/2023 18:00,173.54,173.626,173.41,173.585,4.5,0.03,
06/06/2023 17:00,173.554,173.601,173.43,173.534,-2.0,-0.01,
06/06/2023 16:00,173.419,173.58293,173.34,173.553,13.4,0.08,
06/06/2023 15:00,173.403,173.539,173.3,173.402,-0.1,0.00,
06/06/2023 14:00,173.459,173.669,173.36,173.402,-5.7,-0.03,
06/06/2023 13:00,173.336,173.511,173.17,173.452,11.6,0.07,
06/06/2023 12:00,173.101,173.404,173.07,173.336,23.5,0.14,
06/06/2023 11:00,173.113,173.269,173.03,173.099,-1.4,-0.01,
06/06/2023 10:00,172.859,173.136,172.77,173.112,25.3,0.15,
06/06/2023 09:00,172.914,172.959,172.64,172.82,-9.4,-0.05,
06/06/2023 08:00,173.206,173.212,172.85,172.912,-29.4,-0.17,
06/06/2023 07:00,173.334,173.371,172.88,173.194,-14.0,-0.08,
06/06/2023 06:00,173.603,173.624,173.25,173.334,-26.9,-0.16,
06/06/2023 05:00,173.607,173.661,173.48,173.606,-0.1,0.00,
06/06/2023 04:00,173.609,173.768,173.55854,173.602,-0.7,0.00,
06/06/2023 03:00,173.644,173.66429,173.49,173.605,-3.9,-0.02,
06/06/2023 02:00,173.604,173.71841,173.58,173.651,4.7,0.03,
06/06/2023 01:00,173.538,173.68345,173.48,173.606,6.8,0.04,
06/06/2023 00:00,173.31,173.56798,173.269,173.536,22.6,0.13,
06/05/2023 23:00,173.391,173.391,173.17,173.309,-8.2,-0.05,
06/05/2023 22:00,173.489,173.56,173.37,173.392,-9.7,-0.06,
06/05/2023 21:00,173.55,173.64,173.09,173.472,-7.8,-0.04,
06/05/2023 20:00,173.479,173.569,173.42,173.55,7.1,0.04,
06/05/2023 19:00,173.614,173.614,173.39,173.469,-14.5,-0.08,
06/05/2023 18:00,173.748,173.774,173.46,173.614,-13.4,-0.08,
06/05/2023 17:00,173.73,173.832,173.61,173.73,0,0.00,
06/05/2023 16:00,173.677,173.785,173.53,173.726,4.9,0.03,
06/05/2023 15:00,173.288,173.763,173.26,173.676,38.8,0.22,
06/05/2023 14:00,173.32,173.323,172.83,173.298,-2.2,-0.01,
06/05/2023 13:00,173.454,173.594,173.23,173.313,-14.1,-0.08,
06/05/2023 12:00,173.689,173.785,173.31,173.456,-23.3,-0.13,
06/05/2023 11:00,173.816,173.856,173.63,173.691,-12.5,-0.07,
06/05/2023 10:00,173.865,173.908,173.75,173.814,-5.1,-0.03,
06/05/2023 09:00,174.036,174.066,173.83,173.873,-16.3,-0.09,
06/05/2023 08:00,174.083,174.181,173.84,174.033,-5.0,-0.03,
06/05/2023 07:00,174.14,174.258,173.92,174.09,-5,-0.03,
06/05/2023 06:00,174.11,174.239,174.02658,174.127,1.7,0.01,
06/05/2023 05:00,174.15,174.162,174.0036,174.111,-3.9,-0.02,
06/05/2023 04:00,174.196,174.23287,174.01,174.146,-5.0,-0.03,
06/05/2023 03:00,174.166,174.25,174.11,174.195,2.9,0.02,
06/05/2023 02:00,174.279,174.315,174.13,174.165,-11.4,-0.07,
06/05/2023 01:00,174.168,174.329,174.05,174.275,10.7,0.06,
06/05/2023 00:00,174.279,174.295,174.08,174.169,-11.0,-0.06,
06/04/2023 23:00,174.18,174.295,174.18,174.28,10,0.06,
06/04/2023 22:00,174.241,174.35537,174.178,174.182,-5.9,-0.03,
06/04/2023 21:00,174.36966,174.41892,174.226,174.2699,-9.976,-0.06,
06/04/2023 20:00,174.4572,174.54153,173.977,174.36966,-8.754,-0.05,
06/04/2023 19:00,174.55559,174.62783,174.55051,174.55153,-0.406,0.00,
06/04/2023 09:00,174.26985,174.63783,174.26985,174.63783,36.798,0.21,
06/04/2023 08:00,174.26985,174.63783,174.26985,174.63783,36.798,0.21,
06/04/2023 07:00,174.26985,174.63783,174.26985,174.63783,36.798,0.21,
06/04/2023 06:00,174.26985,174.63783,174.26985,174.63783,36.798,0.21,
06/04/2023 05:00,174.26985,174.63783,174.26985,174.63783,36.798,0.21,
06/04/2023 04:00,174.26985,174.63783,174.26985,174.63783,36.798,0.21,
06/04/2023 03:00,174.26985,174.63783,174.26985,174.63783,36.798,0.21,
06/04/2023 02:00,174.26985,174.63783,174.26985,174.63783,36.798,0.21,
06/04/2023 01:00,174.26985,174.63783,174.26985,174.63783,36.798,0.21,
06/04/2023 00:00,174.26985,174.63783,174.26985,174.63783,36.798,0.21,
06/03/2023 23:00,174.26985,174.63783,174.26985,174.63783,36.798,0.21,
06/03/2023 22:00,174.26985,174.63783,174.26985,174.63783,36.798,0.21,
06/03/2023 21:00,174.26985,174.63783,174.26985,174.63783,36.798,0.21,
06/03/2023 20:00,174.26985,174.63783,174.26985,174.63783,36.798,0.21,
06/03/2023 19:00,174.26985,174.63783,174.26985,174.63783,36.798,0.21,
06/03/2023 18:00,174.26985,174.63783,174.26985,174.63783,36.798,0.21,
06/03/2023 17:00,174.26985,174.63783,174.26985,174.63783,36.798,0.21,
06/03/2023 16:00,174.26985,174.63783,174.26985,174.63783,36.798,0.21,
06/03/2023 15:00,174.26985,174.63783,174.26985,174.63783,36.798,0.21,
06/03/2023 14:00,174.26985,174.63783,174.26985,174.63783,36.798,0.21,
06/03/2023 13:00,174.26985,174.63783,174.26985,174.63783,36.798,0.21,
06/03/2023 12:00,174.15985,174.63783,174.15985,174.63783,47.798,0.27,
06/03/2023 11:00,174.15985,174.25265,174.15985,174.25265,9.280,0.05,
06/03/2023 10:00,174.15985,174.25265,174.15985,174.25265,9.280,0.05,
06/03/2023 09:00,174.15985,174.25265,174.15985,174.25265,9.280,0.05,
06/03/2023 08:00,174.15985,174.25265,174.15985,174.25265,9.280,0.05,
06/03/2023 07:00,174.15985,174.25265,174.15985,174.25265,9.280,0.05,
06/03/2023 06:00,174.15985,174.25265,174.15985,174.25265,9.280,0.05,
06/03/2023 05:00,174.15985,174.25265,174.15985,174.25265,9.280,0.05,
06/03/2023 04:00,174.15985,174.25265,174.15985,174.25265,9.280,0.05,
06/03/2023 03:00,174.15985,174.25265,174.15985,174.25265,9.280,0.05,
06/03/2023 02:00,174.15985,174.25265,174.15985,174.25265,9.280,0.05,
06/03/2023 01:00,174.15985,174.25265,174.15985,174.25265,9.280,0.05,
06/03/2023 00:00,174.25265,174.25265,174.15985,174.25265,0.000,0.00,
06/02/2023 23:00,174.25265,174.25265,174.15985,174.15985,-9.280,-0.05,
06/02/2023 22:00,174.25265,174.25265,174.15985,174.15985,-9.280,-0.05,
06/02/2023 21:00,173.492,174.2603,173.492,174.15985,66.785,0.38,
06/02/2023 20:00,174.262,174.34239,174.144,174.144,-11.8,-0.07,
06/02/2023 19:00,174.232,174.303,174.15,174.26,2.8,0.02,
06/02/2023 18:00,174.294,174.341,174.12,174.237,-5.7,-0.03,
06/02/2023 17:00,174.154,174.313,174.11,174.306,15.2,0.09,
06/02/2023 16:00,174.225,174.296,174.09,174.158,-6.7,-0.04,
06/02/2023 15:00,174.29,174.379,174.1,174.227,-6.3,-0.04,
06/02/2023 14:00,174.541,174.566,174.2,174.292,-24.9,-0.14,
06/02/2023 13:00,174.251,174.679,174.15,174.536,28.5,0.16,
06/02/2023 12:00,173.957,174.327,173.789,174.252,29.5,0.17,
06/02/2023 11:00,173.99,174.098,173.91,173.969,-2.1,-0.01,
06/02/2023 10:00,173.9,174.079,173.86,173.987,8.7,0.05,
06/02/2023 09:00,174.03,174.128,173.83,173.909,-12.1,-0.07,
06/02/2023 08:00,174.116,174.24,173.98,174.035,-8.1,-0.05,
06/02/2023 07:00,174.106,174.19,173.91,174.116,1.0,0.01,
06/02/2023 06:00,174.1,174.188,174.01,174.115,1.5,0.01,
06/02/2023 05:00,174.04,174.188,173.99,174.107,6.7,0.04,
06/02/2023 04:00,173.945,174.06903,173.89,174.039,9.4,0.05,
06/02/2023 03:00,173.968,173.98,173.83,173.944,-2.4,-0.01,
06/02/2023 02:00,174.021,174.082,173.91,173.971,-5.0,-0.03,
06/02/2023 01:00,174.029,174.158,173.92,174.017,-1.2,-0.01,
06/02/2023 00:00,173.775,174.058,173.73,174.031,25.6,0.15,
06/01/2023 23:00,173.835,173.872,173.73669,173.777,-5.8,-0.03,
06/01/2023 22:00,173.868,173.87,173.699,173.846,-2.2,-0.01,
06/01/2023 21:00,173.83,173.99,173.604,173.867,3.7,0.02,
06/01/2023 20:00,173.913,173.935,173.77,173.83,-8.3,-0.05,
06/01/2023 19:00,173.926,173.984,173.75,173.914,-1.2,-0.01,
06/01/2023 18:00,174.011,174.011,173.82,173.927,-8.4,-0.05,
06/01/2023 17:00,173.947,174.024,173.83,174.01,6.3,0.04,
06/01/2023 16:00,173.89,174.084,173.8,173.941,5.1,0.03,
06/01/2023 15:00,173.927,173.998,173.74,173.896,-3.1,-0.02,
06/01/2023 14:00,173.741,174.093,173.284,173.926,18.5,0.11,
06/01/2023 13:00,173.663,173.787,173.444,173.72,5.7,0.03,
06/01/2023 12:00,173.881,174.2,173.591,173.682,-19.9,-0.11,
06/01/2023 11:00,173.919,174.107,173.78,173.886,-3.3,-0.02,
06/01/2023 10:00,173.982,174.106,173.86,173.912,-7.0,-0.04,
06/01/2023 09:00,173.766,173.995,173.67,173.981,21.5,0.12,
06/01/2023 08:00,173.606,173.92,173.42,173.765,15.9,0.09,
06/01/2023 07:00,173.783,173.824,173.52,173.605,-17.8,-0.10,
06/01/2023 06:00,173.581,173.844,173.48,173.784,20.3,0.12,
06/01/2023 05:00,173.321,173.599,173.3,173.588,26.7,0.15,
06/01/2023 04:00,173.428,173.518,173.29,173.315,-11.3,-0.07,
06/01/2023 03:00,173.41,173.54627,173.37,173.427,1.7,0.01,
06/01/2023 02:00,173.384,173.573,173.31,173.425,4.1,0.02,
06/01/2023 01:00,173.131,173.45,173.03,173.396,26.5,0.15,
06/01/2023 00:00,173.148,173.357,173.01,173.13,-1.8,-0.01,
05/31/2023 23:00,173.169,173.22,172.934,173.149,-2.0,-0.01,
05/31/2023 22:00,173.297,173.39,173.12,173.168,-12.9,-0.07,
05/31/2023 21:00,173.34,173.3692,172.971,173.302,-3.8,-0.02,
05/31/2023 20:00,173.291,173.392,173.19921,173.34,4.9,0.03,
05/31/2023 19:00,173.036,173.303,172.93,173.29,25.4,0.15,
05/31/2023 18:00,173.132,173.247,173.0,173.028,-10.4,-0.06,
05/31/2023 17:00,173.06,173.234,172.94,173.116,5.6,0.03,
05/31/2023 16:00,173.232,173.301,173.0,173.075,-15.7,-0.09,
05/31/2023 15:00,173.145,173.34,172.92,173.217,7.2,0.04,
05/31/2023 14:00,173.104,173.625,173.01,173.162,5.8,0.03,
05/31/2023 13:00,172.839,173.434,172.73,173.101,26.2,0.15,
05/31/2023 12:00,172.689,172.932,172.52,172.836,14.7,0.09,
05/31/2023 11:00,173.105,173.125,172.65,172.65,-45.5,-0.26,
05/31/2023 10:00,172.887,173.168,172.72,173.106,21.9,0.13,
05/31/2023 09:00,172.863,173.031,172.8,172.886,2.3,0.01,
05/31/2023 08:00,172.739,172.905,172.5,172.864,12.5,0.07,
05/31/2023 07:00,172.617,172.864,172.5,172.737,12.0,0.07,
05/31/2023 06:00,172.814,172.851,172.52,172.611,-20.3,-0.12,
05/31/2023 05:00,173.232,173.234,172.58,172.822,-41.0,-0.24,
05/31/2023 04:00,173.157,173.29087,173.08,173.236,7.9,0.05,
05/31/2023 03:00,173.21,173.2508,173.09,173.159,-5.1,-0.03,
05/31/2023 02:00,173.332,173.369,173.17,173.211,-12.1,-0.07,
05/31/2023 01:00,173.496,173.652,173.29,173.333,-16.3,-0.09,
05/31/2023 00:00,173.505,173.605,173.35646,173.492,-1.3,-0.01,
05/30/2023 23:00,173.416,173.525,173.35414,173.507,9.1,0.05,
05/30/2023 22:00,173.496,173.55358,173.35,173.41,-8.6,-0.05,
05/30/2023 21:00,173.49,173.64915,173.32,173.49,0,0.00,
05/30/2023 20:00,173.415,173.517,173.37,173.49,7.5,0.04,
05/30/2023 19:00,173.296,173.422,173.21,173.40734,11.134,0.06,
05/30/2023 18:00,173.098,173.359,173.04,173.299,20.1,0.12,
05/30/2023 17:00,173.457,173.472,173.06,173.114,-34.3,-0.20,
05/30/2023 16:00,173.41,173.524,173.18,173.472,6.2,0.04,
05/30/2023 15:00,173.459,173.521,173.25,173.412,-4.7,-0.03,
05/30/2023 14:00,173.909,174.08,173.28,173.457,-45.2,-0.26,
05/30/2023 13:00,173.702,174.024,173.68,173.906,20.4,0.12,
05/30/2023 12:00,173.653,173.87,173.59412,173.717,6.4,0.04,
05/30/2023 11:00,174.123,174.192,173.6,173.656,-46.7,-0.27,
05/30/2023 10:00,174.06,174.275,173.99,174.136,7.6,0.04,
05/30/2023 09:00,173.477,174.148,173.4,174.06,58.3,0.33,
05/30/2023 08:00,173.302,173.501,173.213,173.478,17.6,0.10,
05/30/2023 07:00,173.338,173.43,172.97,173.26,-7.8,-0.05,
05/30/2023 06:00,173.481,173.818,173.168,173.342,-13.9,-0.08,
05/30/2023 05:00,173.386,173.494,173.28,173.462,7.6,0.04,
05/30/2023 04:00,173.177,173.4,173.15,173.386,20.9,0.12,
05/30/2023 03:00,173.189,173.21413,173.06,173.177,-1.2,-0.01,
05/30/2023 02:00,173.287,173.303,173.14,173.185,-10.2,-0.06,
05/30/2023 01:00,173.312,173.358,173.15,173.283,-2.9,-0.02,
05/30/2023 00:00,173.441,173.601,173.24,173.311,-13.0,-0.08,
05/29/2023 23:00,173.58,173.598,173.36408,173.442,-13.8,-0.08,
05/29/2023 22:00,173.452,173.615,173.405,173.582,13.0,0.07,
05/29/2023 21:00,173.5,173.598,173.28874,173.46,-4,-0.02,
05/29/2023 20:00,173.526,173.549,173.44,173.5,-2.6,-0.01,
05/29/2023 19:00,173.486,173.54,173.40753,173.54,5.4,0.03,
05/29/2023 18:00,173.482,173.509,173.42523,173.483,0.1,0.00,
05/29/2023 17:00,173.454,173.495,173.38947,173.483,2.9,0.02,
05/29/2023 16:00,173.41,173.494,173.34,173.453,4.3,0.02,
05/29/2023 15:00,173.25,173.4218,173.23,173.405,15.5,0.09,
05/29/2023 14:00,173.121,173.288,173.07,173.264,14.3,0.08,
05/29/2023 13:00,173.107,173.146,172.95,173.122,1.5,0.01,
05/29/2023 12:00,173.114,173.159,172.92,173.096,-1.8,-0.01,
05/29/2023 11:00,173.179,173.20348,173.03,173.12,-5.9,-0.03,
05/29/2023 10:00,173.134,173.205,173.07,173.178,4.4,0.03,
05/29/2023 09:00,173.248,173.292,172.98,173.135,-11.3,-0.07,
05/29/2023 08:00,173.34,173.47188,173.21,173.238,-10.2,-0.06,
05/29/2023 07:00,173.54,173.615,173.24,173.335,-20.5,-0.12,
05/29/2023 06:00,173.381,173.575,173.33,173.544,16.3,0.09,
05/29/2023 05:00,173.474,173.52,173.36,173.382,-9.2,-0.05,
05/29/2023 04:00,173.582,173.636,173.39,173.474,-10.8,-0.06,
05/29/2023 03:00,173.532,173.65326,173.5,173.584,5.2,0.03,
05/29/2023 02:00,173.595,173.653,173.42,173.53,-6.5,-0.04,
05/29/2023 01:00,173.763,173.793,173.49,173.597,-16.6,-0.10,
05/29/2023 00:00,173.899,173.927,173.68,173.768,-13.1,-0.08,
05/28/2023 23:00,173.781,173.953,173.754,173.917,13.6,0.08,
05/28/2023 22:00,173.67,173.962,173.67,173.781,11.1,0.06,
05/28/2023 21:00,173.57652,173.66569,173.418,173.655,7.848,0.05,
05/28/2023 20:00,173.68785,173.8104,173.488,173.57652,-11.133,-0.06,
05/28/2023 19:00,173.74758,173.8104,173.463,173.8104,6.282,0.04,
05/28/2023 18:00,173.72258,173.73258,173.72258,173.73258,1.000,0.01,
05/28/2023 17:00,173.72258,173.73258,173.65876,173.73258,1.000,0.01,
05/28/2023 16:00,173.86973,173.86973,173.65876,173.73258,-13.715,-0.08,
05/28/2023 09:00,173.5964,173.65968,173.5964,173.65968,6.328,0.04,
05/28/2023 08:00,173.5964,173.65968,173.5964,173.65968,6.328,0.04,
05/28/2023 07:00,173.5964,173.65968,173.5964,173.65968,6.328,0.04,
05/28/2023 06:00,173.5964,173.65968,173.5964,173.65968,6.328,0.04,
05/28/2023 05:00,173.5964,173.65968,173.5964,173.65968,6.328,0.04,
05/28/2023 04:00,173.5964,173.65968,173.5964,173.65968,6.328,0.04,
05/28/2023 03:00,173.5964,173.65968,173.5964,173.65968,6.328,0.04,
05/28/2023 02:00,173.5964,173.65968,173.5964,173.65968,6.328,0.04,
05/28/2023 01:00,173.5964,173.65968,173.5964,173.65968,6.328,0.04,
05/28/2023 00:00,173.5964,173.65968,173.5964,173.65968,6.328,0.04,
05/27/2023 23:00,173.5964,173.65968,173.5964,173.65968,6.328,0.04,
05/27/2023 22:00,173.5964,173.65968,173.5964,173.65968,6.328,0.04,
05/27/2023 21:00,173.5964,173.65968,173.5964,173.65968,6.328,0.04,
05/27/2023 20:00,173.5964,173.65968,173.5964,173.65968,6.328,0.04,
05/27/2023 19:00,173.5964,173.65968,173.5964,173.65968,6.328,0.04,
05/27/2023 18:00,173.5964,173.65968,173.5964,173.65968,6.328,0.04,
05/27/2023 17:00,173.5964,173.65968,173.5964,173.65968,6.328,0.04,
05/27/2023 16:00,173.5964,173.65968,173.5964,173.65968,6.328,0.04,
05/27/2023 15:00,173.5964,173.65968,173.5964,173.65968,6.328,0.04,
05/27/2023 14:00,173.5964,173.65968,173.5964,173.65968,6.328,0.04,
05/27/2023 13:00,173.5964,173.65968,173.5964,173.65968,6.328,0.04,
05/27/2023 12:00,173.5964,173.65968,173.5964,173.65968,6.328,0.04,
05/27/2023 11:00,173.5964,173.65968,173.5964,173.65968,6.328,0.04,
05/27/2023 10:00,173.5964,173.65968,173.5964,173.65968,6.328,0.04,
05/27/2023 09:00,173.5964,173.65968,173.5964,173.65968,6.328,0.04,
05/27/2023 08:00,173.5964,173.65968,173.5964,173.65968,6.328,0.04,
05/27/2023 07:00,173.5964,173.65968,173.5964,173.65968,6.328,0.04,
05/27/2023 06:00,173.5964,173.65968,173.5964,173.65968,6.328,0.04,
05/27/2023 05:00,173.5964,173.65968,173.5964,173.65968,6.328,0.04,
05/27/2023 04:00,173.5964,173.65968,173.5964,173.65968,6.328,0.04,
05/27/2023 03:00,173.5964,173.65968,173.5964,173.65968,6.328,0.04,
05/27/2023 02:00,173.5964,173.65968,173.5964,173.65968,6.328,0.04,
05/27/2023 01:00,173.5964,173.65968,173.5964,173.65968,6.328,0.04,
05/27/2023 00:00,173.65968,173.65968,173.5964,173.65968,0.000,0.00,
05/26/2023 23:00,173.65968,173.65968,173.5964,173.5964,-6.328,-0.04,
05/26/2023 22:00,173.5964,173.65968,173.5964,173.5964,0.00,0.00,
05/26/2023 21:00,173.57,173.73726,173.56038,173.65968,8.968,0.05,
05/26/2023 20:00,173.593,173.708,172.33,173.62,2.7,0.02,
05/26/2023 19:00,173.661,173.72962,173.55,173.618,-4.3,-0.02,
05/26/2023 18:00,173.721,173.76245,173.61,173.671,-5.0,-0.03,
05/26/2023 17:00,173.533,173.748,173.46,173.69,15.7,0.09,
05/26/2023 16:00,173.384,173.578,173.34,173.516,13.2,0.08,
05/26/2023 15:00,173.237,173.439,173.15,173.386,14.9,0.09,
05/26/2023 14:00,173.145,173.277,172.89,173.236,9.1,0.05,
05/26/2023 11:00,172.953,172.955,172.924,172.924,-2.9,-0.02,
05/26/2023 10:00,172.632,172.633,172.599,172.622,-1.0,-0.01,
05/26/2023 09:00,172.596,172.616,172.53,172.603,0.7,0.00,
05/26/2023 08:00,172.294,172.313,172.293,172.307,1.3,0.01,
05/26/2023 07:00,172.373,172.382,172.34,172.359,-1.4,-0.01,
05/26/2023 06:00,172.368,172.425,172.31,172.415,4.7,0.03,
05/26/2023 05:00,172.342,172.357,172.314,172.347,0.5,0.00,
05/26/2023 04:00,172.392,172.425,172.36,172.411,1.9,0.01,
05/26/2023 03:00,172.379,172.387,172.346,172.38,0.1,0.00,
05/26/2023 02:00,172.422,172.456,172.421,172.421,-0.1,0.00,
05/26/2023 01:00,172.341,172.389,172.319,172.354,1.3,0.01,
05/26/2023 00:00,172.454,172.46,172.405,172.405,-4.9,-0.03,
05/25/2023 23:00,172.421,172.531,172.33,172.419,-0.2,0.00,
05/25/2023 22:00,172.555,172.633,172.34867,172.45,-10.5,-0.06,
05/25/2023 21:00,172.54,172.65,172.453,172.554,1.4,0.01,
05/25/2023 20:00,172.656,172.68095,172.49,172.54,-11.6,-0.07,
05/25/2023 19:00,172.404,172.677,172.35,172.656,25.2,0.15,
05/25/2023 18:00,172.48,172.601,172.37,172.401,-7.9,-0.05,
05/25/2023 17:00,172.237,172.495,172.13,172.479,24.2,0.14,
05/25/2023 16:00,172.285,172.428,172.2,172.243,-4.2,-0.02,
05/25/2023 15:00,172.41,172.546,172.18,172.301,-10.9,-0.06,
05/25/2023 14:00,172.177,172.561,172.15,172.402,22.5,0.13,
05/25/2023 13:00,172.422,172.584,172.05,172.176,-24.6,-0.14,
05/25/2023 12:00,172.558,172.586,172.13,172.431,-12.7,-0.07,
05/25/2023 11:00,172.477,172.681,172.46,172.544,6.7,0.04,
05/25/2023 10:00,172.728,172.745,172.4,172.484,-24.4,-0.14,
05/25/2023 09:00,172.52,172.773,172.49,172.72,20,0.12,
05/25/2023 08:00,172.206,172.621,172.14,172.519,31.3,0.18,
05/25/2023 07:00,172.473,172.488,171.95648,172.199,-27.4,-0.16,
05/25/2023 06:00,172.266,172.519,172.139,172.475,20.9,0.12,
05/25/2023 05:00,172.244,172.4,172.171,172.291,4.7,0.03,
05/25/2023 04:00,172.329,172.36259,172.19,172.242,-8.7,-0.05,
05/25/2023 03:00,172.357,172.414,172.25,172.33,-2.7,-0.02,
05/25/2023 02:00,172.352,172.41653,172.26,172.36,0.8,0.00,
05/25/2023 01:00,172.337,172.451,172.28,172.352,1.5,0.01,
05/25/2023 00:00,172.28,172.362,172.18,172.336,5.6,0.03,
05/24/2023 23:00,172.17,172.397,172.12,172.297,12.7,0.07,
05/24/2023 22:00,172.306,172.439,171.684,172.172,-13.4,-0.08,
05/24/2023 21:00,172.404,172.43,172.004,172.327,-7.7,-0.04,
05/24/2023 20:00,172.202,172.458,172.17,172.412,21.0,0.12,
05/24/2023 19:00,171.979,172.246,171.94,172.203,22.4,0.13,
05/24/2023 18:00,172.265,172.343,171.91,171.978,-28.7,-0.17,
05/24/2023 17:00,172.344,172.364,172.18,172.262,-8.2,-0.05,
05/24/2023 16:00,172.05,172.421,172.02,172.344,29.4,0.17,
05/24/2023 15:00,171.89,172.144,171.76,172.044,15.4,0.09,
05/24/2023 14:00,171.869,172.043,171.67,171.886,1.7,0.01,
05/24/2023 13:00,172.011,172.158,171.82,171.87,-14.1,-0.08,
05/24/2023 12:00,171.547,172.159,171.51,172.011,46.4,0.27,
05/24/2023 11:00,171.392,171.673,171.36,171.55,15.8,0.09,
05/24/2023 10:00,171.582,171.65,171.2,171.403,-17.9,-0.10,
05/24/2023 09:00,172.142,172.151,171.529,171.577,-56.5,-0.33,
05/24/2023 08:00,172.061,172.285,171.952,172.138,7.7,0.04,
05/24/2023 07:00,172.661,172.664,171.82,172.059,-60.2,-0.35,
05/24/2023 06:00,171.953,172.792,171.936,172.656,70.3,0.41,
05/24/2023 05:00,172.109,172.15483,171.882,171.975,-13.4,-0.08,
05/24/2023 04:00,172.002,172.12248,171.95,172.111,10.9,0.06,
05/24/2023 03:00,171.927,172.00846,171.86,171.997,7.0,0.04,
05/24/2023 02:00,171.997,172.002,171.87,171.924,-7.3,-0.04,
05/24/2023 01:00,172.106,172.109,171.91,171.995,-11.1,-0.06,
05/24/2023 00:00,172.099,172.196,171.996,172.108,0.9,0.01,
05/23/2023 23:00,172.001,172.11877,171.97,172.074,7.3,0.04,
05/23/2023 22:00,171.991,172.10616,171.98,172.0,0.9,0.01,
05/23/2023 21:00,172.01,172.2155,171.94,171.99,-2,-0.01,
05/23/2023 20:00,171.967,172.072,171.91,172.01,4.3,0.02,
05/23/2023 19:00,171.971,172.037,171.88,171.968,-0.3,0.00,
05/23/2023 18:00,172.059,172.14,171.79,171.965,-9.4,-0.05,
05/23/2023 17:00,172.121,172.265,171.94,172.065,-5.6,-0.03,
05/23/2023 16:00,172.322,172.336,172.01,172.123,-19.9,-0.12,
05/23/2023 15:00,172.07,172.395,172.03,172.312,24.2,0.14,
05/23/2023 14:00,171.972,172.262,171.85,172.072,10.0,0.06,
05/23/2023 13:00,171.896,172.107,171.61,171.986,9.0,0.05,
05/23/2023 12:00,171.398,171.992,171.37,171.896,49.8,0.29,
05/23/2023 11:00,171.547,171.643,171.34,171.405,-14.2,-0.08,
05/23/2023 10:00,171.451,171.603,171.34,171.548,9.7,0.06,
05/23/2023 09:00,171.643,171.746,171.31,171.449,-19.4,-0.11,
05/23/2023 08:00,171.675,171.754,171.26,171.64,-3.5,-0.02,
05/23/2023 07:00,172.121,172.13,171.62,171.64,-48.1,-0.28,
05/23/2023 06:00,172.231,172.31,171.96,172.111,-12.0,-0.07,
05/23/2023 05:00,172.121,172.272,172.08,172.229,10.8,0.06,
05/23/2023 04:00,172.385,172.39,172.0,172.122,-26.3,-0.15,
